user_id,event_time,event_type,device,location,browser,session_id
U21,2025-08-12 16:17:06,purchase,desktop,Australia,Chrome,S9440
U2,2025-08-12 04:31:21,purchase,tablet,Australia,Firefox,S9876
U18,2025-08-17 14:03:12,purchase,desktop,India,Firefox,S7075
U45,2025-08-20 01:56:42,view,desktop,Australia,Safari,S7144
U21,2025-08-25 19:31:51,login,mobile,Canada,Safari,S3814
U3,2025-08-13 12:16:10,click,desktop,Australia,Firefox,S6097
U5,2025-08-02 05:58:30,logout,tablet,India,Opera,S2232
U19,2025-08-21 04:21:33,purchase,tablet,USA,Safari,S7053
U5,2025-08-21 19:18:40,login,tablet,Australia,Opera,S8274
U50,2025-08-01 14:36:09,purchase,tablet,India,Edge,S6611
U21,2025-08-07 12:04:33,click,tablet,Australia,Firefox,S7261
U6,2025-08-23 04:20:13,login,mobile,Canada,Opera,S6102
U2,2025-08-16 00:27:15,logout,mobile,Australia,Safari,S9693
U10,2025-08-14 06:47:32,view,desktop,UK,Edge,S3109
U33,2025-08-12 10:19:44,logout,tablet,India,Edge,S4664
U39,2025-08-10 01:58:28,login,tablet,Australia,Edge,S5201
U35,2025-08-04 09:22:59,view,tablet,Australia,Edge,S9812
U27,2025-08-19 04:03:32,purchase,mobile,UK,Edge,S9089
U47,2025-08-16 04:48:14,login,tablet,UK,Firefox,S6267
U46,2025-08-17 16:00:18,login,desktop,USA,Chrome,S6524
U31,2025-08-11 15:21:49,view,tablet,India,Edge,S7731
U50,2025-08-09 11:05:29,logout,mobile,USA,Chrome,S1844
U34,2025-08-10 22:02:03,view,mobile,UK,Chrome,S7253
U18,2025-08-24 07:54:31,purchase,mobile,UK,Edge,S1405
U31,2025-08-07 03:19:57,click,mobile,USA,Safari,S6892
U44,2025-08-20 20:35:46,view,desktop,USA,Opera,S2424
U3,2025-08-21 17:41:43,login,tablet,India,Chrome,S7506
U36,2025-08-25 05:52:41,click,mobile,Canada,Chrome,S8078
U50,2025-08-07 16:39:48,logout,mobile,UK,Opera,S9607
U27,2025-08-07 08:43:09,login,desktop,UK,Opera,S5164
U38,2025-08-05 07:35:15,purchase,desktop,Australia,Firefox,S4004
U41,2025-08-02 13:37:14,click,mobile,UK,Edge,S9636
U36,2025-08-04 13:57:03,purchase,desktop,India,Safari,S4192
U33,2025-08-02 06:23:06,logout,desktop,USA,Edge,S4366
U31,2025-08-02 20:20:02,purchase,desktop,Canada,Safari,S8491
U15,2025-08-06 15:56:20,login,mobile,UK,Firefox,S9278
U36,2025-08-20 02:18:06,login,desktop,Canada,Edge,S3286
U43,2025-08-26 20:12:41,click,desktop,UK,Chrome,S1682
U15,2025-08-12 07:17:10,login,tablet,India,Edge,S9801
U43,2025-08-06 20:06:45,logout,mobile,USA,Chrome,S9945
U42,2025-08-08 17:53:53,view,mobile,Canada,Edge,S2273
U31,2025-08-04 07:52:58,logout,desktop,USA,Firefox,S1021
U41,2025-08-03 11:43:59,login,tablet,Canada,Opera,S6521
U40,2025-08-05 21:05:41,logout,mobile,Australia,Safari,S5135
U20,2025-08-06 21:06:12,logout,mobile,USA,Edge,S6344
U37,2025-08-24 18:22:43,purchase,mobile,Canada,Firefox,S1285
U31,2025-08-15 12:46:47,login,tablet,USA,Firefox,S4639
U47,2025-08-10 15:13:25,logout,tablet,Canada,Safari,S8994
U12,2025-08-09 06:15:16,view,tablet,UK,Safari,S3348
U24,2025-08-09 15:40:13,purchase,tablet,USA,Chrome,S3162
U32,2025-08-22 17:19:57,purchase,tablet,UK,Safari,S8569
U15,2025-08-07 10:12:19,logout,desktop,India,Safari,S8843
U42,2025-08-09 20:08:33,view,mobile,Australia,Opera,S7953
U31,2025-08-15 12:07:26,logout,mobile,Canada,Safari,S5569
U41,2025-08-10 06:26:28,view,desktop,Australia,Opera,S1617
U16,2025-08-16 08:56:09,view,desktop,Canada,Firefox,S1415
U36,2025-08-21 07:21:55,login,mobile,India,Edge,S3954
U11,2025-08-08 00:57:29,click,tablet,Australia,Opera,S1079
U38,2025-08-22 18:25:22,login,mobile,India,Firefox,S6525
U40,2025-08-18 04:59:38,view,mobile,Australia,Opera,S1093
U9,2025-08-24 05:38:53,click,desktop,India,Chrome,S6079
U23,2025-08-21 19:56:15,logout,desktop,India,Safari,S2775
U14,2025-08-26 07:01:11,login,mobile,Canada,Edge,S3954
U10,2025-08-28 06:21:59,logout,desktop,Australia,Edge,S6677
U29,2025-08-10 04:40:15,click,mobile,Australia,Edge,S1648
U36,2025-08-01 09:35:08,login,desktop,USA,Safari,S5698
U6,2025-08-11 01:31:47,purchase,desktop,USA,Edge,S6937
U34,2025-08-04 06:52:46,login,tablet,Australia,Safari,S8265
U44,2025-08-01 17:53:19,view,mobile,USA,Firefox,S8025
U35,2025-08-25 04:30:22,purchase,desktop,Canada,Edge,S8125
U15,2025-08-23 08:15:47,login,mobile,UK,Firefox,S1207
U23,2025-08-05 10:48:22,logout,desktop,Australia,Firefox,S5234
U7,2025-08-24 08:57:47,purchase,tablet,Canada,Opera,S6572
U14,2025-08-18 05:57:17,login,mobile,Australia,Firefox,S5227
U33,2025-08-27 07:47:48,click,desktop,UK,Firefox,S9396
U48,2025-08-20 01:40:32,logout,desktop,Australia,Edge,S2202
U31,2025-08-16 22:52:35,view,mobile,India,Firefox,S5627
U28,2025-08-08 11:02:39,login,desktop,UK,Opera,S8762
U31,2025-08-13 23:22:13,view,mobile,UK,Safari,S2427
U30,2025-08-13 23:08:23,logout,tablet,USA,Firefox,S7362
U41,2025-08-16 12:49:06,login,tablet,UK,Firefox,S5519
U28,2025-08-01 21:32:34,click,tablet,Canada,Edge,S3329
U10,2025-08-10 02:07:24,click,desktop,USA,Opera,S3168
U8,2025-08-26 13:58:10,login,mobile,India,Safari,S1498
U39,2025-08-08 14:35:32,click,tablet,India,Opera,S6975
U44,2025-08-23 22:52:17,logout,mobile,UK,Opera,S9021
U31,2025-08-03 19:39:09,logout,desktop,Australia,Firefox,S1462
U8,2025-08-11 10:14:52,view,mobile,UK,Safari,S8580
U25,2025-08-18 00:51:46,purchase,desktop,Australia,Firefox,S1289
U42,2025-08-21 14:10:23,logout,desktop,India,Edge,S9479
U6,2025-08-25 18:20:20,login,tablet,Australia,Edge,S2772
U15,2025-08-05 05:14:39,view,mobile,UK,Chrome,S3108
U14,2025-08-02 08:06:18,view,desktop,Canada,Chrome,S8734
U8,2025-08-25 21:06:37,purchase,mobile,India,Edge,S6744
U26,2025-08-22 15:04:37,click,desktop,Australia,Chrome,S5145
U3,2025-08-10 08:54:03,click,desktop,Canada,Opera,S1733
U30,2025-08-05 22:19:09,view,tablet,UK,Safari,S7055
U23,2025-08-16 11:41:39,view,desktop,Australia,Edge,S3773
U7,2025-08-12 22:36:50,purchase,desktop,India,Edge,S8448
U34,2025-08-16 13:43:48,click,tablet,India,Safari,S7647
U13,2025-08-12 21:01:39,click,tablet,USA,Edge,S7026
U1,2025-08-05 06:36:14,view,tablet,USA,Edge,S9849
U37,2025-08-16 02:38:57,purchase,desktop,India,Chrome,S7934
U22,2025-08-10 03:10:09,click,mobile,Canada,Safari,S1507
U43,2025-08-03 18:14:43,view,desktop,Canada,Chrome,S9274
U41,2025-08-10 03:07:17,click,tablet,Australia,Firefox,S8950
U24,2025-08-26 01:14:32,purchase,desktop,UK,Opera,S5248
U29,2025-08-04 19:18:55,purchase,desktop,USA,Chrome,S9310
U9,2025-08-14 08:01:56,login,desktop,Canada,Edge,S7191
U6,2025-08-21 17:28:47,logout,mobile,India,Opera,S4934
U49,2025-08-02 15:14:02,view,tablet,UK,Edge,S9614
U23,2025-08-14 15:25:06,logout,tablet,UK,Edge,S1810
U1,2025-08-02 06:25:44,click,tablet,UK,Edge,S7982
U13,2025-08-13 18:23:47,view,tablet,UK,Edge,S2289
U46,2025-08-25 08:42:48,purchase,tablet,UK,Firefox,S6492
U43,2025-08-24 18:51:48,logout,mobile,Canada,Firefox,S9785
U16,2025-08-20 09:49:21,logout,mobile,Canada,Chrome,S3785
U9,2025-08-27 01:20:50,purchase,desktop,USA,Opera,S4968
U37,2025-08-28 08:57:46,purchase,desktop,USA,Opera,S3504
U35,2025-08-10 06:15:53,view,mobile,Canada,Firefox,S2529
U25,2025-08-08 18:52:28,purchase,mobile,USA,Chrome,S8781
U28,2025-08-13 00:53:30,purchase,tablet,Canada,Edge,S4883
U23,2025-08-09 12:14:47,logout,mobile,Canada,Safari,S8406
U2,2025-08-21 01:32:00,logout,tablet,India,Safari,S7670
U18,2025-08-19 11:29:45,click,mobile,Australia,Chrome,S9068
U32,2025-08-05 09:07:19,purchase,desktop,India,Firefox,S9593
U20,2025-08-20 10:46:41,view,desktop,Australia,Chrome,S3640
U21,2025-08-10 19:42:49,purchase,desktop,India,Opera,S1374
U15,2025-08-11 04:25:26,login,mobile,Australia,Safari,S5678
U31,2025-08-19 01:04:29,view,desktop,Canada,Safari,S8902
U50,2025-08-05 22:24:14,view,mobile,UK,Safari,S2404
U39,2025-08-28 03:20:45,login,desktop,USA,Opera,S5009
U23,2025-08-22 04:20:36,login,mobile,UK,Edge,S9512
U46,2025-08-03 07:54:56,purchase,desktop,India,Edge,S4729
U42,2025-08-18 18:40:10,login,desktop,UK,Opera,S2020
U16,2025-08-10 10:35:04,view,desktop,Australia,Firefox,S7795
U50,2025-08-04 20:33:29,purchase,tablet,Australia,Edge,S8001
U15,2025-08-04 10:22:11,purchase,desktop,USA,Firefox,S1099
U40,2025-08-12 08:16:53,purchase,desktop,USA,Opera,S2929
U32,2025-08-18 08:18:08,purchase,desktop,Canada,Safari,S5595
U34,2025-08-11 07:11:03,logout,mobile,USA,Opera,S4907
U18,2025-08-19 16:14:24,purchase,mobile,India,Safari,S7478
U1,2025-08-02 21:48:18,logout,mobile,Australia,Edge,S5668
U24,2025-08-06 07:38:41,purchase,tablet,Australia,Safari,S3964
U29,2025-08-15 00:34:00,view,desktop,Australia,Firefox,S3442
U31,2025-08-21 20:23:54,purchase,desktop,India,Opera,S6414
U18,2025-08-18 14:28:34,view,mobile,Australia,Chrome,S3042
U23,2025-08-20 11:25:46,click,mobile,India,Safari,S9558
U12,2025-08-22 14:58:38,view,tablet,USA,Safari,S1115
U7,2025-08-08 04:00:36,login,desktop,UK,Opera,S5355
U40,2025-08-13 18:19:22,view,tablet,India,Firefox,S7119
U42,2025-08-05 14:19:28,logout,mobile,India,Edge,S8264
U12,2025-08-26 17:45:19,click,desktop,India,Opera,S4502
U49,2025-08-25 16:20:03,purchase,tablet,UK,Opera,S5876
U16,2025-08-09 01:30:41,login,tablet,USA,Firefox,S4086
U22,2025-08-11 08:33:47,click,desktop,Canada,Firefox,S3900
U23,2025-08-28 06:58:05,logout,desktop,India,Chrome,S8743
U47,2025-08-20 14:31:39,logout,tablet,UK,Edge,S1956
U39,2025-08-05 18:23:18,purchase,desktop,India,Firefox,S5233
U27,2025-08-11 04:34:15,logout,tablet,USA,Edge,S1787
U33,2025-08-09 11:52:32,view,tablet,USA,Firefox,S8223
U48,2025-08-23 22:05:42,purchase,tablet,Australia,Chrome,S2362
U17,2025-08-08 21:15:12,purchase,mobile,UK,Safari,S7730
U45,2025-08-22 08:48:31,view,tablet,India,Opera,S8295
U27,2025-08-17 07:58:31,purchase,mobile,India,Firefox,S1261
U19,2025-08-03 18:19:47,click,tablet,UK,Firefox,S5062
U50,2025-08-04 10:47:59,click,tablet,Canada,Firefox,S2748
U47,2025-08-12 11:57:01,purchase,tablet,Canada,Opera,S1952
U35,2025-08-05 19:50:58,click,desktop,Canada,Safari,S7052
U39,2025-08-08 20:39:59,click,mobile,Australia,Chrome,S7435
U13,2025-08-07 06:42:53,view,desktop,UK,Edge,S2535
U48,2025-08-01 00:20:06,view,mobile,India,Firefox,S3689
U48,2025-08-27 02:34:40,login,tablet,India,Safari,S5985
U11,2025-08-01 15:12:15,click,tablet,India,Opera,S8055
U7,2025-08-07 04:02:48,click,mobile,UK,Chrome,S3377
U37,2025-08-03 15:25:18,view,desktop,India,Opera,S4310
U42,2025-08-24 04:36:46,view,mobile,UK,Edge,S4981
U9,2025-08-15 18:34:32,purchase,mobile,UK,Safari,S5556
U6,2025-08-12 22:47:18,view,tablet,India,Edge,S2995
U12,2025-08-18 11:57:46,purchase,desktop,Australia,Edge,S9302
U29,2025-08-02 10:43:52,purchase,tablet,UK,Safari,S7710
U9,2025-08-18 06:39:48,click,tablet,UK,Chrome,S3457
U49,2025-08-08 02:24:01,login,desktop,Canada,Safari,S2173
U25,2025-08-03 05:42:57,login,mobile,India,Opera,S8604
U39,2025-08-05 03:12:12,click,desktop,USA,Opera,S5584
U43,2025-08-08 10:53:01,logout,tablet,USA,Edge,S2666
U5,2025-08-28 01:51:42,view,desktop,UK,Chrome,S5022
U45,2025-08-01 06:01:45,logout,mobile,USA,Safari,S7439
U45,2025-08-06 21:48:20,login,mobile,Canada,Edge,S2198
U44,2025-08-01 18:04:02,logout,mobile,India,Opera,S5203
U16,2025-08-12 21:01:55,logout,desktop,India,Firefox,S1189
U43,2025-08-06 12:59:53,logout,tablet,Australia,Safari,S3595
U32,2025-08-20 03:01:08,logout,tablet,Canada,Safari,S4991
U29,2025-08-19 04:29:19,purchase,tablet,Australia,Edge,S2903
U20,2025-08-17 18:46:50,logout,desktop,Canada,Safari,S5777
U20,2025-08-07 11:35:27,click,desktop,USA,Edge,S8214
U17,2025-08-01 04:15:31,view,mobile,India,Chrome,S5654
U2,2025-08-04 16:09:20,view,tablet,India,Edge,S3125
U49,2025-08-23 09:00:43,login,tablet,UK,Chrome,S5601
U48,2025-08-11 16:59:17,view,mobile,USA,Firefox,S6205
U40,2025-08-21 17:07:46,login,tablet,Australia,Edge,S3327
U48,2025-08-12 04:31:55,login,mobile,Canada,Opera,S6666
U6,2025-08-14 20:51:38,purchase,mobile,USA,Edge,S1388
U47,2025-08-22 06:50:08,login,desktop,USA,Edge,S9319
U41,2025-08-27 02:50:19,click,mobile,Canada,Opera,S6562
U35,2025-08-16 16:33:47,click,mobile,Canada,Opera,S1512
U43,2025-08-16 11:12:04,login,desktop,Canada,Edge,S1968
U43,2025-08-20 05:31:14,login,desktop,UK,Safari,S5444
U30,2025-08-17 11:55:36,logout,tablet,India,Firefox,S4825
U27,2025-08-17 08:36:02,logout,tablet,Australia,Edge,S4971
U22,2025-08-24 09:29:40,purchase,desktop,Australia,Safari,S4653
U1,2025-08-22 05:02:17,click,tablet,Australia,Chrome,S2337
U23,2025-08-25 14:16:09,login,tablet,Australia,Chrome,S3147
U37,2025-08-18 14:56:30,purchase,tablet,UK,Safari,S2730
U24,2025-08-02 06:28:54,login,tablet,USA,Firefox,S4327
U41,2025-08-07 15:01:10,view,tablet,UK,Chrome,S6170
U16,2025-08-28 14:17:54,view,mobile,UK,Firefox,S4594
U19,2025-08-21 16:05:35,click,desktop,USA,Safari,S4672
U34,2025-08-15 11:20:08,purchase,desktop,Canada,Chrome,S9398
U9,2025-08-16 03:54:11,purchase,desktop,India,Firefox,S4710
U11,2025-08-13 23:06:31,purchase,mobile,Australia,Chrome,S2320
U7,2025-08-22 14:44:32,click,desktop,India,Chrome,S9537
U43,2025-08-19 18:55:18,view,tablet,India,Firefox,S3210
U50,2025-08-18 19:36:12,purchase,mobile,Canada,Chrome,S4154
U27,2025-08-12 18:06:51,logout,desktop,Canada,Firefox,S1148
U19,2025-08-06 10:03:46,login,mobile,India,Firefox,S5743
U46,2025-08-11 05:06:48,purchase,desktop,India,Firefox,S8134
U13,2025-08-06 18:32:47,click,tablet,Australia,Chrome,S9876
U48,2025-08-07 02:39:33,purchase,mobile,Australia,Chrome,S3792
U7,2025-08-22 06:01:27,login,mobile,Canada,Safari,S5034
U3,2025-08-10 15:39:07,click,tablet,UK,Safari,S1845
U45,2025-08-08 05:38:06,purchase,mobile,India,Opera,S8112
U35,2025-08-07 00:42:05,login,desktop,India,Edge,S6919
U24,2025-08-08 15:10:44,logout,desktop,Australia,Edge,S2148
U32,2025-08-02 16:48:57,login,desktop,India,Firefox,S5969
U1,2025-08-12 13:07:51,click,mobile,India,Opera,S8535
U39,2025-08-07 19:14:06,purchase,tablet,UK,Safari,S4698
U23,2025-08-09 13:09:02,click,desktop,Canada,Safari,S6733
U19,2025-08-04 05:53:52,click,mobile,India,Chrome,S1818
U28,2025-08-17 06:29:06,click,tablet,UK,Opera,S6463
U13,2025-08-04 04:40:29,view,desktop,UK,Safari,S9901
U33,2025-08-26 23:14:09,logout,mobile,UK,Safari,S5019
U38,2025-08-15 03:32:38,purchase,mobile,India,Edge,S6109
U37,2025-08-14 18:56:36,click,desktop,USA,Firefox,S5393
U2,2025-08-09 00:14:45,login,tablet,Canada,Edge,S8730
U2,2025-08-16 04:03:05,logout,tablet,India,Opera,S8632
U2,2025-08-14 15:54:25,purchase,tablet,USA,Edge,S2128
U12,2025-08-23 19:24:27,view,tablet,India,Safari,S5969
U37,2025-08-11 22:41:48,click,desktop,Australia,Chrome,S5175
U39,2025-08-19 13:05:02,click,tablet,Australia,Opera,S8941
U46,2025-08-10 17:00:03,login,tablet,USA,Safari,S5260
U7,2025-08-10 15:36:13,click,tablet,UK,Safari,S7745
U40,2025-08-26 18:01:33,logout,mobile,India,Safari,S3283
U5,2025-08-04 01:39:20,login,desktop,USA,Opera,S7953
U41,2025-08-02 08:23:24,logout,desktop,India,Opera,S3106
U9,2025-08-01 11:55:29,login,mobile,USA,Edge,S2472
U48,2025-08-26 16:07:07,login,mobile,Canada,Chrome,S6472
U1,2025-08-12 15:30:11,click,desktop,India,Chrome,S3112
U29,2025-08-19 07:26:57,logout,mobile,Australia,Chrome,S8443
U23,2025-08-07 02:42:25,login,mobile,UK,Chrome,S6072
U21,2025-08-20 01:13:37,login,tablet,Canada,Firefox,S4658
U47,2025-08-20 01:41:30,login,mobile,UK,Opera,S6361
U5,2025-08-06 15:10:19,login,tablet,UK,Safari,S8191
U21,2025-08-23 20:26:24,view,tablet,USA,Chrome,S8051
U30,2025-08-15 03:37:08,click,tablet,USA,Edge,S4733
U16,2025-08-16 21:10:39,click,mobile,Canada,Firefox,S6898
U41,2025-08-24 17:27:48,login,tablet,India,Firefox,S3576
U48,2025-08-15 00:25:45,click,tablet,UK,Safari,S3233
U27,2025-08-19 14:48:28,view,mobile,Canada,Safari,S5021
U16,2025-08-16 16:14:30,view,desktop,USA,Safari,S3685
U11,2025-08-23 07:20:35,logout,mobile,Canada,Opera,S7288
U49,2025-08-17 15:25:27,purchase,mobile,India,Firefox,S8922
U11,2025-08-28 09:52:16,logout,tablet,USA,Firefox,S2881
U17,2025-08-17 12:52:55,login,desktop,USA,Edge,S9996
U9,2025-08-02 15:13:24,login,mobile,UK,Opera,S3903
U21,2025-08-10 18:42:59,login,mobile,Canada,Firefox,S3929
U47,2025-08-03 22:12:24,logout,desktop,Australia,Safari,S7339
U26,2025-08-27 14:18:34,login,mobile,UK,Firefox,S9853
U20,2025-08-14 18:14:44,view,mobile,India,Opera,S1050
U49,2025-08-07 03:55:24,view,mobile,Australia,Chrome,S8748
U13,2025-08-26 22:40:25,click,desktop,Australia,Edge,S5440
U27,2025-08-14 14:45:30,view,mobile,Australia,Safari,S1866
U35,2025-08-11 09:12:50,purchase,tablet,Canada,Opera,S1099
U11,2025-08-13 00:57:15,view,tablet,Australia,Edge,S6346
U20,2025-08-24 21:13:05,logout,mobile,Canada,Firefox,S6234
U19,2025-08-21 22:39:43,click,tablet,Canada,Firefox,S6189
U9,2025-08-03 22:13:12,purchase,desktop,Canada,Edge,S3533
U38,2025-08-19 17:38:09,login,tablet,USA,Edge,S8394
U34,2025-08-05 10:14:23,login,mobile,Australia,Safari,S3899
U32,2025-08-16 21:09:44,view,desktop,Canada,Firefox,S2137
U1,2025-08-11 23:25:46,click,mobile,UK,Safari,S6148
U43,2025-08-01 09:58:59,logout,desktop,Canada,Edge,S4249
U30,2025-08-21 10:20:19,purchase,desktop,Canada,Firefox,S7121
U48,2025-08-11 18:29:55,view,mobile,Australia,Safari,S3879
U40,2025-08-08 14:00:46,logout,tablet,USA,Chrome,S7716
U32,2025-08-10 04:49:13,login,desktop,Canada,Firefox,S4082
U3,2025-08-13 22:13:27,view,tablet,UK,Edge,S2241
U33,2025-08-14 04:35:03,logout,tablet,UK,Opera,S6381
U45,2025-08-02 23:06:03,login,mobile,India,Opera,S2596
U16,2025-08-20 08:26:31,click,desktop,UK,Safari,S1806
U29,2025-08-21 02:10:14,purchase,desktop,UK,Firefox,S4010
U26,2025-08-09 08:22:33,logout,mobile,India,Chrome,S2526
U3,2025-08-26 01:20:14,login,mobile,India,Firefox,S4168
U26,2025-08-20 17:23:38,click,mobile,India,Edge,S6208
U22,2025-08-24 21:31:14,logout,desktop,India,Chrome,S3292
U15,2025-08-19 07:13:46,login,tablet,Australia,Firefox,S6806
U9,2025-08-10 22:53:33,login,mobile,Australia,Firefox,S8834
U47,2025-08-01 09:32:32,purchase,tablet,UK,Chrome,S2463
U25,2025-08-26 00:57:20,purchase,mobile,UK,Edge,S1314
U20,2025-08-15 10:04:29,purchase,tablet,USA,Edge,S4481
U12,2025-08-23 10:13:22,login,tablet,Canada,Opera,S7325
U25,2025-08-05 21:51:26,purchase,tablet,India,Firefox,S8559
U41,2025-08-19 04:06:15,view,mobile,UK,Edge,S6173
U27,2025-08-17 05:03:11,login,desktop,USA,Opera,S1926
U21,2025-08-19 13:05:43,view,mobile,Australia,Opera,S7473
U6,2025-08-28 10:29:25,login,tablet,UK,Safari,S4760
U40,2025-08-08 15:03:26,click,mobile,India,Opera,S3826
U1,2025-08-24 08:22:36,purchase,mobile,USA,Safari,S4533
U47,2025-08-06 04:34:48,logout,tablet,India,Firefox,S8655
U5,2025-08-05 04:30:45,login,tablet,USA,Chrome,S2068
U40,2025-08-24 21:50:14,login,tablet,Australia,Edge,S1315
U32,2025-08-03 16:51:41,logout,desktop,India,Edge,S4961
U22,2025-08-16 17:13:33,click,tablet,India,Edge,S9609
U8,2025-08-10 16:23:44,login,mobile,UK,Firefox,S9672
U28,2025-08-23 03:11:57,click,desktop,India,Safari,S4010
U24,2025-08-05 06:21:41,click,tablet,Canada,Firefox,S2653
U36,2025-08-08 19:46:36,purchase,desktop,USA,Chrome,S8229
U7,2025-08-06 13:14:04,login,tablet,USA,Firefox,S6940
U1,2025-08-08 15:47:01,login,desktop,Australia,Safari,S9952
U5,2025-08-06 06:32:31,login,tablet,USA,Safari,S7382
U48,2025-08-28 15:47:49,purchase,mobile,India,Edge,S6240
U49,2025-08-19 06:49:35,logout,tablet,Canada,Chrome,S2696
U15,2025-08-19 14:27:13,click,desktop,Canada,Opera,S3286
U6,2025-08-04 02:09:55,login,desktop,UK,Firefox,S1778
U27,2025-08-03 21:09:31,login,mobile,Canada,Firefox,S3526
U27,2025-08-25 00:47:34,purchase,desktop,USA,Chrome,S6652
U25,2025-08-10 16:28:26,click,tablet,USA,Safari,S7292
U26,2025-08-12 03:51:30,purchase,tablet,India,Opera,S2117
U41,2025-08-13 19:25:27,purchase,mobile,Canada,Edge,S7187
U10,2025-08-28 07:58:05,logout,desktop,India,Opera,S1856
U47,2025-08-12 08:16:42,click,desktop,USA,Firefox,S4133
U27,2025-08-09 23:31:58,purchase,tablet,UK,Safari,S1787
U49,2025-08-21 11:15:52,login,tablet,Australia,Chrome,S4250
U37,2025-08-05 21:09:11,login,mobile,UK,Chrome,S5300
U16,2025-08-08 16:29:13,login,desktop,India,Firefox,S6937
U30,2025-08-09 21:10:07,login,tablet,Australia,Firefox,S1682
U48,2025-08-03 00:38:15,login,desktop,India,Edge,S7530
U33,2025-08-01 12:12:17,view,tablet,Canada,Chrome,S8465
U1,2025-08-01 14:08:32,click,mobile,UK,Chrome,S8856
U43,2025-08-20 06:23:59,purchase,mobile,India,Opera,S5506
U28,2025-08-15 12:01:35,view,mobile,Australia,Edge,S6201
U43,2025-08-16 08:08:09,purchase,mobile,India,Chrome,S5126
U21,2025-08-13 21:30:13,login,desktop,UK,Safari,S4363
U11,2025-08-26 06:56:02,view,tablet,UK,Edge,S3049
U31,2025-08-16 23:15:43,purchase,desktop,USA,Opera,S2695
U7,2025-08-26 08:26:47,click,desktop,USA,Firefox,S4330
U23,2025-08-28 12:26:17,login,mobile,UK,Opera,S3571
U37,2025-08-10 02:49:56,click,desktop,Canada,Chrome,S2284
U43,2025-08-20 03:02:04,login,desktop,Australia,Edge,S1937
U1,2025-08-01 15:30:44,purchase,tablet,UK,Safari,S4458
U12,2025-08-19 14:52:13,logout,tablet,USA,Edge,S8722
U49,2025-08-04 07:18:42,view,tablet,Australia,Firefox,S7005
U3,2025-08-17 03:53:30,logout,tablet,Australia,Opera,S3420
U49,2025-08-11 23:05:50,logout,desktop,USA,Opera,S3082
U12,2025-08-06 15:32:13,click,desktop,UK,Edge,S4893
U27,2025-08-12 14:48:22,login,desktop,India,Opera,S1860
U19,2025-08-17 10:21:47,view,desktop,Australia,Safari,S6668
U35,2025-08-05 10:38:38,login,tablet,USA,Opera,S4390
U19,2025-08-17 22:40:44,purchase,mobile,Australia,Chrome,S8912
U29,2025-08-05 08:24:17,purchase,tablet,UK,Chrome,S1691
U12,2025-08-27 00:56:33,click,mobile,UK,Chrome,S1994
U15,2025-08-26 18:25:50,view,desktop,UK,Opera,S5323
U26,2025-08-05 18:24:49,click,desktop,India,Safari,S7977
U8,2025-08-06 12:08:35,login,desktop,Canada,Safari,S2490
U9,2025-08-28 09:35:12,purchase,desktop,USA,Edge,S7350
U10,2025-08-03 14:53:38,click,mobile,India,Chrome,S8934
U20,2025-08-21 14:28:46,view,desktop,India,Opera,S4086
U20,2025-08-19 22:24:32,view,mobile,UK,Edge,S9986
U47,2025-08-08 18:08:38,login,desktop,USA,Edge,S9136
U48,2025-08-17 00:37:38,click,tablet,UK,Safari,S2132
U13,2025-08-02 17:52:05,logout,mobile,USA,Opera,S1354
U10,2025-08-28 06:44:47,view,mobile,UK,Chrome,S5108
U11,2025-08-28 17:25:49,view,desktop,Canada,Opera,S5484
U18,2025-08-17 18:19:56,logout,desktop,India,Firefox,S5741
U44,2025-08-14 12:14:01,view,desktop,UK,Chrome,S6972
U26,2025-08-09 01:57:50,login,tablet,Canada,Edge,S5823
U42,2025-08-10 08:14:04,purchase,desktop,India,Safari,S7207
U48,2025-08-25 03:26:07,login,tablet,UK,Firefox,S7060
U12,2025-08-27 08:15:22,purchase,desktop,USA,Edge,S5212
U23,2025-08-13 08:06:10,logout,mobile,Canada,Edge,S6750
U20,2025-08-16 23:09:22,logout,mobile,India,Opera,S9854
U4,2025-08-28 16:11:14,logout,tablet,Canada,Opera,S2568
U50,2025-08-20 01:29:18,view,tablet,USA,Chrome,S7344
U13,2025-08-10 00:16:39,purchase,tablet,Australia,Safari,S5694
U39,2025-08-20 04:48:54,logout,desktop,UK,Opera,S8811
U28,2025-08-21 12:04:16,logout,desktop,UK,Opera,S3005
U17,2025-08-23 12:41:46,login,mobile,Australia,Chrome,S6282
U44,2025-08-02 01:10:13,purchase,tablet,UK,Opera,S1129
U18,2025-08-11 19:41:57,view,tablet,USA,Edge,S9291
U12,2025-08-03 12:30:28,logout,tablet,Canada,Safari,S3860
U15,2025-08-16 09:23:09,logout,tablet,USA,Opera,S9841
U32,2025-08-03 09:35:23,click,mobile,UK,Safari,S3616
U30,2025-08-21 00:07:50,logout,desktop,UK,Edge,S3844
U24,2025-08-01 10:30:43,click,desktop,Australia,Edge,S8683
U43,2025-08-11 19:57:20,purchase,mobile,USA,Safari,S7932
U42,2025-08-14 18:49:30,click,desktop,UK,Edge,S2619
U32,2025-08-06 12:51:32,purchase,tablet,UK,Chrome,S8424
U46,2025-08-16 21:53:30,logout,tablet,India,Safari,S6515
U29,2025-08-02 21:48:11,click,desktop,Australia,Firefox,S5832
U18,2025-08-16 08:14:16,logout,mobile,Canada,Edge,S7531
U15,2025-08-16 02:30:28,purchase,desktop,India,Edge,S9048
U10,2025-08-04 04:39:01,view,mobile,India,Firefox,S5251
U1,2025-08-10 08:06:40,purchase,mobile,USA,Chrome,S9266
U36,2025-08-09 21:23:32,view,desktop,Canada,Edge,S6208
U30,2025-08-05 23:41:54,login,tablet,UK,Opera,S7248
U17,2025-08-08 18:59:12,purchase,desktop,USA,Safari,S2493
U12,2025-08-12 08:30:59,login,desktop,UK,Edge,S7133
U12,2025-08-28 03:24:01,view,desktop,Australia,Safari,S2922
U30,2025-08-21 16:55:17,login,desktop,Canada,Firefox,S8170
U33,2025-08-27 23:03:57,logout,mobile,Australia,Safari,S2557
U17,2025-08-27 13:58:54,click,desktop,Australia,Firefox,S8370
U10,2025-08-11 04:06:22,login,desktop,UK,Chrome,S1566
U14,2025-08-21 15:28:22,click,tablet,UK,Chrome,S3054
U43,2025-08-04 22:58:00,view,tablet,Australia,Chrome,S9951
U21,2025-08-07 18:26:53,login,tablet,USA,Opera,S3770
U15,2025-08-15 00:19:46,login,desktop,UK,Chrome,S2913
U12,2025-08-11 18:28:45,login,desktop,India,Safari,S4245
U47,2025-08-11 22:30:52,purchase,tablet,Australia,Edge,S3867
U24,2025-08-03 19:46:57,view,mobile,Canada,Edge,S4722
U22,2025-08-14 14:45:24,purchase,mobile,UK,Opera,S1174
U48,2025-08-24 22:36:46,purchase,mobile,Canada,Edge,S5304
U12,2025-08-12 20:33:48,login,mobile,Australia,Firefox,S8201
U50,2025-08-26 08:09:58,login,tablet,Australia,Opera,S9963
U14,2025-08-23 06:48:58,view,desktop,UK,Opera,S6279
U8,2025-08-04 07:40:39,click,tablet,India,Chrome,S1371
U36,2025-08-17 17:31:20,login,tablet,India,Chrome,S3793
U30,2025-08-15 07:08:23,view,tablet,Canada,Opera,S8382
U34,2025-08-16 01:46:57,click,desktop,Australia,Edge,S9705
U28,2025-08-24 17:37:58,view,desktop,Canada,Firefox,S3342
U24,2025-08-01 08:40:54,view,desktop,UK,Edge,S7639
U37,2025-08-26 08:01:35,view,desktop,Canada,Safari,S8425
U14,2025-08-19 14:18:38,click,mobile,Canada,Chrome,S1034
U5,2025-08-26 05:18:40,click,tablet,Australia,Safari,S9429
U50,2025-08-16 03:22:55,view,tablet,USA,Chrome,S2675
U31,2025-08-28 14:28:49,login,tablet,Australia,Firefox,S5045
U31,2025-08-25 13:26:06,login,tablet,UK,Chrome,S7734
U30,2025-08-12 17:49:39,logout,desktop,India,Edge,S5761
U29,2025-08-10 20:53:09,view,mobile,UK,Firefox,S9228
U33,2025-08-27 05:16:50,logout,tablet,USA,Safari,S4779
U13,2025-08-01 18:54:12,click,desktop,Canada,Firefox,S1536
U38,2025-08-09 16:21:15,click,mobile,Canada,Chrome,S4755
U20,2025-08-21 10:06:17,purchase,tablet,Canada,Opera,S5703
U17,2025-08-22 07:10:55,logout,desktop,USA,Firefox,S1839
U10,2025-08-06 19:04:33,logout,mobile,India,Opera,S7194
U31,2025-08-26 12:16:41,view,tablet,UK,Chrome,S4919
U12,2025-08-21 19:19:59,login,tablet,UK,Safari,S5870
U2,2025-08-07 07:00:29,click,mobile,Canada,Edge,S2731
U35,2025-08-04 00:25:02,purchase,desktop,Australia,Chrome,S1302
U30,2025-08-20 16:14:14,logout,mobile,Canada,Edge,S9456
U17,2025-08-23 01:41:28,view,tablet,UK,Safari,S9509
U21,2025-08-05 15:01:54,view,tablet,India,Firefox,S2863
U9,2025-08-13 18:13:50,login,desktop,India,Chrome,S5925
U40,2025-08-26 16:11:51,purchase,mobile,Canada,Edge,S9527
U43,2025-08-06 16:46:09,logout,desktop,UK,Edge,S7596
U28,2025-08-14 23:32:27,view,mobile,Canada,Safari,S3800
U38,2025-08-05 14:52:30,view,tablet,India,Safari,S6138
U16,2025-08-08 14:58:11,login,mobile,UK,Edge,S5069
U48,2025-08-23 06:56:59,logout,tablet,USA,Safari,S3009
U32,2025-08-04 00:13:23,view,desktop,India,Safari,S6854
U11,2025-08-20 08:53:06,click,desktop,USA,Opera,S9016
U44,2025-08-18 11:17:30,click,mobile,UK,Firefox,S9930
U38,2025-08-25 05:19:42,click,tablet,UK,Firefox,S4945
U45,2025-08-09 22:56:28,click,tablet,Australia,Chrome,S1064
U21,2025-08-24 19:03:52,purchase,mobile,UK,Opera,S1660
U11,2025-08-16 10:17:36,logout,tablet,Australia,Safari,S8302
U42,2025-08-10 02:31:13,view,mobile,USA,Edge,S9303
U48,2025-08-02 16:54:31,purchase,tablet,India,Edge,S6675
U20,2025-08-24 06:53:36,click,desktop,USA,Chrome,S7204
U43,2025-08-19 03:34:06,login,tablet,Australia,Safari,S6289
U11,2025-08-24 15:09:32,click,tablet,Canada,Edge,S6151
U49,2025-08-20 02:42:51,purchase,tablet,USA,Firefox,S7735
U15,2025-08-20 08:50:27,purchase,tablet,USA,Chrome,S4082
U7,2025-08-18 01:50:07,view,tablet,Australia,Firefox,S6797
U50,2025-08-22 23:12:00,login,desktop,Australia,Safari,S4743
U22,2025-08-15 10:41:03,logout,desktop,Australia,Safari,S2842
U21,2025-08-05 23:07:55,logout,desktop,Australia,Opera,S9178
U47,2025-08-21 16:46:59,click,mobile,UK,Chrome,S4975
U46,2025-08-23 11:55:46,purchase,tablet,India,Edge,S9667
U47,2025-08-06 00:20:21,purchase,mobile,Canada,Firefox,S4494
U47,2025-08-21 15:32:32,login,tablet,USA,Opera,S7352
U7,2025-08-22 13:15:48,click,desktop,Australia,Edge,S9184
U50,2025-08-05 19:46:26,logout,desktop,USA,Edge,S6270
U24,2025-08-19 08:49:55,click,tablet,Canada,Safari,S3782
U35,2025-08-24 07:33:17,login,desktop,USA,Opera,S9588
U24,2025-08-24 00:02:26,view,mobile,Canada,Firefox,S3622
U8,2025-08-18 19:55:10,login,tablet,USA,Edge,S1820
U34,2025-08-17 04:06:17,view,mobile,USA,Edge,S5459
U13,2025-08-27 07:11:15,purchase,mobile,USA,Firefox,S1986
U5,2025-08-19 19:15:33,login,tablet,Australia,Safari,S4298
U48,2025-08-07 09:53:01,purchase,mobile,India,Opera,S6901
U9,2025-08-17 16:07:02,view,mobile,UK,Chrome,S6652
U42,2025-08-27 09:25:38,view,tablet,UK,Opera,S5810
U16,2025-08-23 09:06:38,click,tablet,USA,Safari,S6065
U42,2025-08-11 13:13:29,purchase,desktop,USA,Safari,S1655
U42,2025-08-13 13:55:38,view,mobile,India,Edge,S8751
U46,2025-08-06 05:43:58,logout,desktop,Australia,Chrome,S8072
U24,2025-08-25 12:46:50,purchase,desktop,USA,Safari,S3437
U22,2025-08-15 23:12:43,purchase,tablet,Canada,Opera,S3778
U29,2025-08-23 17:50:09,view,desktop,UK,Edge,S5137
U50,2025-08-17 15:21:38,login,tablet,Canada,Edge,S5022
U36,2025-08-17 22:14:40,login,tablet,USA,Chrome,S4597
U46,2025-08-28 00:06:14,view,mobile,Australia,Safari,S3901
U25,2025-08-14 16:42:00,click,mobile,USA,Firefox,S6903
U39,2025-08-07 17:45:19,logout,tablet,Canada,Safari,S1018
U41,2025-08-28 07:37:11,login,desktop,India,Safari,S9663
U40,2025-08-15 08:03:51,login,desktop,Canada,Safari,S5711
U16,2025-08-16 08:21:36,purchase,tablet,USA,Firefox,S1307
U35,2025-08-14 03:14:02,logout,tablet,Canada,Chrome,S3294
U6,2025-08-05 17:34:35,login,mobile,USA,Opera,S3390
U20,2025-08-01 14:21:39,logout,mobile,USA,Safari,S4198
U29,2025-08-08 12:46:33,click,mobile,India,Firefox,S8757
U34,2025-08-08 08:23:57,view,desktop,Canada,Edge,S4045
U31,2025-08-08 08:44:56,click,desktop,Australia,Edge,S3233
U14,2025-08-24 09:57:43,login,desktop,UK,Safari,S7145
U18,2025-08-08 09:12:32,login,tablet,Canada,Chrome,S9846
U18,2025-08-18 08:42:54,logout,tablet,UK,Edge,S2989
U20,2025-08-21 03:10:29,click,desktop,USA,Chrome,S2882
U21,2025-08-28 22:44:27,login,mobile,Canada,Chrome,S6224
U4,2025-08-19 20:20:09,purchase,mobile,Canada,Safari,S2461
U4,2025-08-14 02:05:06,logout,tablet,Canada,Edge,S6036
U40,2025-08-07 22:07:14,login,mobile,USA,Chrome,S7182
U39,2025-08-03 08:27:30,view,desktop,India,Safari,S7883
U29,2025-08-23 17:22:34,view,tablet,UK,Firefox,S5979
U3,2025-08-20 05:01:56,logout,mobile,Australia,Chrome,S3984
U5,2025-08-10 03:33:26,logout,tablet,Canada,Firefox,S8281
U11,2025-08-09 12:38:48,click,mobile,UK,Chrome,S9288
U16,2025-08-09 07:44:55,purchase,mobile,India,Safari,S3502
U12,2025-08-24 18:54:33,view,tablet,Canada,Firefox,S2517
U25,2025-08-16 21:23:54,login,tablet,Canada,Firefox,S2967
U40,2025-08-28 13:05:04,login,desktop,Australia,Edge,S3776
U19,2025-08-18 14:25:15,view,desktop,USA,Safari,S9428
U14,2025-08-15 21:13:11,login,desktop,Canada,Safari,S8178
U38,2025-08-05 14:56:15,purchase,desktop,Canada,Chrome,S4261
U10,2025-08-07 23:57:34,view,desktop,Australia,Edge,S8120
U16,2025-08-26 04:21:41,logout,tablet,India,Safari,S9304
U37,2025-08-18 01:09:36,logout,desktop,Australia,Opera,S1561
U1,2025-08-25 20:04:30,login,desktop,UK,Edge,S4541
U46,2025-08-20 08:26:27,view,desktop,Australia,Edge,S5955
U9,2025-08-09 09:30:34,view,mobile,Canada,Edge,S1604
U28,2025-08-04 18:40:02,purchase,tablet,USA,Safari,S7081
U7,2025-08-19 03:36:38,login,mobile,USA,Edge,S4970
U29,2025-08-20 12:02:42,view,mobile,USA,Opera,S2881
U44,2025-08-02 09:08:07,purchase,tablet,USA,Firefox,S4363
U4,2025-08-18 23:32:49,click,tablet,UK,Chrome,S8885
U19,2025-08-05 10:14:09,view,desktop,UK,Safari,S5404
U7,2025-08-20 18:09:27,login,mobile,Canada,Edge,S1297
U14,2025-08-07 07:44:35,purchase,tablet,Canada,Safari,S7232
U27,2025-08-06 12:10:28,purchase,mobile,Australia,Firefox,S4999
U13,2025-08-25 18:49:57,click,desktop,USA,Edge,S2422
U35,2025-08-26 23:13:30,click,mobile,USA,Chrome,S3467
U7,2025-08-21 23:01:11,click,desktop,Australia,Edge,S4729
U49,2025-08-05 22:55:44,logout,mobile,Canada,Chrome,S6676
U3,2025-08-21 19:48:03,logout,mobile,Canada,Chrome,S7563
U38,2025-08-04 00:39:47,login,tablet,Canada,Opera,S4500
U3,2025-08-11 03:44:15,logout,tablet,USA,Firefox,S5059
U47,2025-08-03 23:51:29,logout,tablet,UK,Opera,S8342
U35,2025-08-01 12:48:22,login,tablet,Canada,Safari,S5611
U40,2025-08-08 05:33:47,logout,mobile,USA,Chrome,S1434
U10,2025-08-15 04:20:43,view,desktop,USA,Firefox,S4462
U23,2025-08-21 01:18:31,click,mobile,USA,Chrome,S8964
U22,2025-08-01 18:15:54,login,desktop,USA,Safari,S1040
U47,2025-08-25 23:00:05,login,mobile,USA,Edge,S1832
U4,2025-08-05 08:12:07,login,mobile,USA,Edge,S2036
U33,2025-08-17 14:23:40,logout,mobile,USA,Edge,S5005
U35,2025-08-26 12:39:17,click,desktop,UK,Firefox,S9347
U43,2025-08-22 06:13:17,view,mobile,USA,Chrome,S1568
U43,2025-08-06 18:09:38,login,mobile,UK,Chrome,S4005
U47,2025-08-27 02:59:11,purchase,desktop,India,Opera,S4830
U19,2025-08-01 02:34:06,login,mobile,India,Chrome,S5917
U48,2025-08-17 04:34:06,purchase,mobile,UK,Edge,S5705
U23,2025-08-28 19:42:56,login,mobile,Australia,Opera,S1367
U3,2025-08-09 12:29:49,purchase,mobile,Australia,Edge,S2272
U35,2025-08-09 06:46:22,view,mobile,Canada,Firefox,S9243
U50,2025-08-03 02:22:21,login,desktop,Canada,Firefox,S6723
U41,2025-08-12 01:51:31,view,tablet,India,Opera,S1913
U40,2025-08-05 17:28:23,view,tablet,USA,Firefox,S1551
U23,2025-08-09 22:24:21,click,desktop,Australia,Chrome,S9451
U31,2025-08-27 12:02:36,purchase,tablet,UK,Firefox,S6846
U5,2025-08-07 15:08:42,logout,tablet,Canada,Safari,S6279
U31,2025-08-20 20:25:17,click,desktop,UK,Opera,S3015
U46,2025-08-16 00:01:07,purchase,tablet,Australia,Chrome,S5912
U48,2025-08-20 15:32:21,view,mobile,Canada,Edge,S8214
U3,2025-08-23 17:16:14,login,mobile,Canada,Safari,S3106
U43,2025-08-22 06:57:00,view,desktop,Canada,Opera,S9908
U22,2025-08-04 08:09:35,purchase,tablet,UK,Firefox,S6256
U21,2025-08-16 17:42:46,purchase,tablet,USA,Chrome,S3903
U44,2025-08-13 04:05:55,click,mobile,India,Opera,S8566
U6,2025-08-14 21:21:00,view,tablet,India,Opera,S4195
U19,2025-08-27 05:17:24,login,desktop,Australia,Chrome,S7528
U50,2025-08-25 22:13:26,click,tablet,India,Safari,S5670
U12,2025-08-22 00:07:32,view,mobile,Australia,Edge,S8185
U46,2025-08-12 22:50:55,logout,desktop,USA,Chrome,S9127
U3,2025-08-03 09:41:27,login,desktop,USA,Firefox,S1495
U8,2025-08-16 11:22:14,login,desktop,Canada,Opera,S2239
U13,2025-08-22 01:27:56,view,tablet,UK,Opera,S2657
U3,2025-08-18 23:47:04,purchase,mobile,UK,Edge,S3277
U41,2025-08-25 11:20:22,logout,desktop,UK,Edge,S8823
U32,2025-08-08 12:43:40,login,desktop,UK,Opera,S3605
U33,2025-08-02 05:48:54,click,mobile,UK,Edge,S6076
U30,2025-08-12 13:20:55,login,mobile,Australia,Safari,S3730
U7,2025-08-08 11:34:21,logout,tablet,India,Chrome,S7255
U9,2025-08-14 02:38:40,login,tablet,India,Firefox,S7719
U20,2025-08-26 17:07:51,view,mobile,Canada,Safari,S1144
U36,2025-08-27 07:49:24,click,desktop,Australia,Firefox,S2317
U48,2025-08-21 07:35:11,click,desktop,India,Chrome,S3217
U50,2025-08-09 06:19:33,login,desktop,Canada,Firefox,S8242
U1,2025-08-07 11:21:51,purchase,tablet,USA,Opera,S4067
U34,2025-08-20 21:44:11,click,mobile,Australia,Safari,S3381
U13,2025-08-04 12:45:03,click,tablet,India,Safari,S1716
U34,2025-08-24 04:19:24,logout,desktop,India,Edge,S9607
U9,2025-08-27 04:49:33,logout,mobile,India,Chrome,S4554
U20,2025-08-11 10:25:39,view,mobile,USA,Firefox,S1200
U21,2025-08-02 09:58:36,logout,mobile,Australia,Opera,S7612
U46,2025-08-10 01:23:55,view,desktop,Australia,Edge,S6480
U41,2025-08-04 18:40:56,purchase,mobile,India,Opera,S8875
U26,2025-08-07 00:38:28,logout,tablet,UK,Opera,S6791
U33,2025-08-15 05:22:24,logout,tablet,USA,Chrome,S9440
U44,2025-08-25 07:32:39,view,tablet,Australia,Chrome,S2761
U49,2025-08-05 09:32:54,click,desktop,Canada,Safari,S8415
U34,2025-08-21 21:49:32,view,tablet,UK,Opera,S5801
U17,2025-08-22 18:18:11,click,tablet,Australia,Edge,S2463
U9,2025-08-22 07:58:08,login,desktop,India,Safari,S2457
U14,2025-08-18 09:13:39,logout,mobile,USA,Firefox,S4903
U10,2025-08-09 01:43:52,view,desktop,UK,Edge,S3086
U25,2025-08-26 13:53:34,login,tablet,India,Chrome,S3616
U40,2025-08-18 21:24:10,click,tablet,USA,Safari,S8179
U50,2025-08-25 23:59:22,login,desktop,Australia,Chrome,S4331
U44,2025-08-15 14:16:46,purchase,tablet,Canada,Edge,S7135
U26,2025-08-08 16:45:02,click,mobile,Canada,Safari,S1622
U19,2025-08-09 11:45:38,logout,mobile,Canada,Chrome,S9114
U33,2025-08-08 21:02:06,click,tablet,India,Edge,S5015
U45,2025-08-05 15:57:15,logout,tablet,UK,Opera,S4097
U41,2025-08-14 07:57:38,click,mobile,USA,Opera,S7776
U31,2025-08-24 22:50:08,logout,mobile,UK,Opera,S4569
U16,2025-08-27 16:10:43,click,mobile,UK,Safari,S5308
U45,2025-08-20 11:19:48,click,tablet,Canada,Safari,S9847
U18,2025-08-02 10:43:29,click,desktop,UK,Chrome,S5782
U37,2025-08-19 01:49:45,purchase,tablet,USA,Chrome,S9082
U32,2025-08-17 21:00:02,purchase,desktop,Canada,Edge,S8178
U33,2025-08-21 22:23:24,click,desktop,UK,Firefox,S9718
U21,2025-08-19 13:18:29,click,desktop,Australia,Firefox,S4285
U7,2025-08-12 10:55:55,purchase,tablet,Australia,Opera,S4251
U36,2025-08-05 19:55:18,view,mobile,Canada,Safari,S8261
U24,2025-08-03 04:29:56,logout,tablet,USA,Edge,S7858
U31,2025-08-14 06:57:41,click,mobile,UK,Edge,S4692
U5,2025-08-19 04:18:37,login,desktop,USA,Safari,S4871
U46,2025-08-12 11:02:47,click,tablet,USA,Opera,S6039
U16,2025-08-04 12:26:18,click,desktop,India,Safari,S1023
U26,2025-08-19 12:31:36,login,desktop,Canada,Chrome,S1169
U37,2025-08-26 04:19:16,click,tablet,Canada,Opera,S9564
U22,2025-08-09 02:45:54,purchase,desktop,India,Chrome,S5029
U42,2025-08-15 20:57:08,view,tablet,UK,Chrome,S7708
U16,2025-08-10 23:33:05,purchase,desktop,Canada,Edge,S5693
U48,2025-08-17 21:48:07,view,mobile,India,Firefox,S9721
U8,2025-08-24 17:53:06,purchase,tablet,USA,Firefox,S6563
U23,2025-08-28 19:08:44,login,tablet,UK,Edge,S2636
U15,2025-08-08 10:16:51,click,mobile,India,Safari,S2710
U25,2025-08-28 05:59:39,purchase,tablet,Australia,Edge,S8360
U49,2025-08-02 19:40:32,click,mobile,USA,Safari,S8352
U30,2025-08-17 13:42:52,click,tablet,UK,Opera,S5402
U29,2025-08-22 08:43:11,logout,desktop,UK,Chrome,S9658
U22,2025-08-24 10:30:56,purchase,tablet,USA,Safari,S3536
U4,2025-08-08 08:55:44,view,tablet,India,Edge,S3043
U48,2025-08-26 17:48:01,login,desktop,India,Edge,S5175
U39,2025-08-20 18:04:42,logout,desktop,USA,Chrome,S6342
U5,2025-08-11 05:09:15,login,mobile,India,Safari,S4134
U22,2025-08-03 15:55:12,view,desktop,Australia,Edge,S6047
U48,2025-08-22 02:18:33,purchase,mobile,UK,Opera,S1942
U16,2025-08-23 08:59:51,click,tablet,USA,Safari,S9294
U29,2025-08-24 16:07:53,purchase,desktop,Canada,Opera,S3814
U47,2025-08-28 19:44:16,view,tablet,India,Safari,S6907
U5,2025-08-09 06:22:37,view,mobile,USA,Safari,S1212
U37,2025-08-13 18:33:26,logout,desktop,USA,Chrome,S8330
U19,2025-08-13 12:41:48,view,tablet,Australia,Chrome,S3458
U11,2025-08-28 02:37:59,login,tablet,Canada,Safari,S2618
U40,2025-08-05 08:25:38,view,tablet,Australia,Opera,S8912
U45,2025-08-17 03:48:42,view,tablet,UK,Safari,S4538
U42,2025-08-25 22:47:49,view,mobile,Canada,Safari,S9643
U26,2025-08-15 01:03:38,click,tablet,India,Opera,S1183
U21,2025-08-14 21:03:55,purchase,desktop,Australia,Safari,S2978
U3,2025-08-23 02:46:03,purchase,tablet,Australia,Opera,S1867
U38,2025-08-26 12:31:56,click,desktop,Australia,Firefox,S4241
U3,2025-08-08 20:59:21,purchase,desktop,India,Edge,S3011
U2,2025-08-16 23:08:54,login,desktop,USA,Opera,S6136
U1,2025-08-22 19:59:16,login,desktop,UK,Firefox,S1298
U23,2025-08-08 08:31:16,logout,tablet,USA,Firefox,S9466
U40,2025-08-03 08:01:58,click,tablet,India,Firefox,S8760
U32,2025-08-09 07:36:56,logout,desktop,Canada,Safari,S6793
U40,2025-08-04 05:20:39,login,mobile,USA,Chrome,S6906
U16,2025-08-15 03:29:27,purchase,mobile,USA,Opera,S1077
U40,2025-08-10 01:50:39,view,desktop,Australia,Edge,S2975
U7,2025-08-16 03:00:50,logout,mobile,India,Firefox,S7461
U13,2025-08-11 10:12:42,logout,mobile,Canada,Opera,S8129
U26,2025-08-15 16:44:37,logout,mobile,USA,Safari,S5710
U12,2025-08-16 22:15:58,login,desktop,Australia,Chrome,S8309
U45,2025-08-06 18:51:08,logout,tablet,India,Chrome,S9090
U3,2025-08-17 00:13:32,purchase,tablet,USA,Opera,S8924
U20,2025-08-06 03:35:27,click,desktop,Canada,Safari,S5574
U48,2025-08-24 14:40:44,view,tablet,USA,Safari,S3601
U8,2025-08-06 20:36:13,login,tablet,USA,Opera,S2974
U44,2025-08-13 13:32:21,view,desktop,India,Opera,S5969
U2,2025-08-04 05:32:11,purchase,tablet,Canada,Safari,S6084
U24,2025-08-01 06:27:52,login,mobile,USA,Chrome,S7037
U27,2025-08-15 05:02:44,view,mobile,UK,Safari,S2434
U25,2025-08-08 22:43:09,logout,mobile,UK,Firefox,S5836
U1,2025-08-26 18:34:38,login,tablet,Australia,Edge,S4014
U27,2025-08-27 04:43:39,purchase,desktop,UK,Edge,S1871
U24,2025-08-08 20:29:43,view,mobile,Canada,Chrome,S7265
U25,2025-08-12 04:01:10,login,tablet,USA,Chrome,S4465
U10,2025-08-09 17:26:06,logout,mobile,Australia,Chrome,S3240
U46,2025-08-11 17:24:56,login,tablet,UK,Safari,S1200
U42,2025-08-12 11:48:27,login,mobile,India,Safari,S1385
U18,2025-08-15 17:36:36,logout,mobile,India,Firefox,S9488
U3,2025-08-19 05:37:53,view,tablet,India,Chrome,S8351
U6,2025-08-12 21:43:10,logout,mobile,Canada,Safari,S9862
U1,2025-08-04 05:02:12,purchase,tablet,Australia,Firefox,S5041
U4,2025-08-07 11:00:51,logout,tablet,USA,Edge,S2728
U41,2025-08-25 12:53:49,purchase,tablet,India,Opera,S6909
U31,2025-08-24 02:12:31,login,tablet,Canada,Opera,S1987
U19,2025-08-24 09:20:59,purchase,tablet,Australia,Firefox,S2260
U13,2025-08-06 17:51:26,click,desktop,Australia,Edge,S7962
U17,2025-08-10 18:38:37,login,mobile,UK,Firefox,S7885
U24,2025-08-05 21:59:09,click,tablet,Canada,Firefox,S3004
U42,2025-08-24 05:27:19,login,desktop,Canada,Opera,S8125
U23,2025-08-24 07:03:48,view,mobile,UK,Chrome,S2782
U33,2025-08-12 02:01:18,login,desktop,Canada,Firefox,S1957
U46,2025-08-09 15:08:34,logout,desktop,UK,Opera,S2507
U32,2025-08-25 03:45:31,click,tablet,India,Firefox,S6396
U13,2025-08-10 01:02:15,click,tablet,Canada,Edge,S3752
U19,2025-08-05 15:11:58,purchase,desktop,India,Safari,S7544
U41,2025-08-07 21:36:35,click,mobile,India,Chrome,S6967
U30,2025-08-12 21:21:40,view,tablet,India,Opera,S2057
U13,2025-08-05 16:57:39,purchase,tablet,India,Opera,S9844
U37,2025-08-24 05:23:04,view,tablet,UK,Chrome,S5097
U14,2025-08-21 23:45:04,purchase,tablet,UK,Firefox,S5091
U18,2025-08-22 13:36:36,purchase,tablet,USA,Firefox,S7628
U11,2025-08-13 13:51:22,logout,tablet,Australia,Opera,S1872
U1,2025-08-15 03:31:02,logout,mobile,USA,Firefox,S5292
U40,2025-08-16 11:10:15,logout,mobile,India,Chrome,S9851
U14,2025-08-24 15:38:27,click,desktop,USA,Opera,S6365
U7,2025-08-14 06:07:42,login,desktop,India,Edge,S4627
U44,2025-08-17 10:47:30,purchase,tablet,India,Firefox,S9252
U42,2025-08-05 09:58:05,purchase,desktop,USA,Chrome,S1966
U13,2025-08-09 21:55:09,login,mobile,India,Edge,S2296
U1,2025-08-02 04:41:53,logout,desktop,India,Firefox,S9457
U46,2025-08-26 05:56:29,view,mobile,UK,Opera,S9577
U10,2025-08-20 21:08:06,purchase,desktop,UK,Edge,S7001
U37,2025-08-09 19:27:46,view,mobile,UK,Safari,S5184
U13,2025-08-14 22:18:37,view,tablet,India,Safari,S5595
U47,2025-08-01 08:03:43,login,tablet,India,Chrome,S8485
U22,2025-08-04 06:37:55,login,desktop,India,Chrome,S1662
U26,2025-08-22 16:39:40,click,mobile,Australia,Firefox,S9586
U49,2025-08-24 09:55:05,click,tablet,USA,Opera,S5322
U19,2025-08-20 18:15:26,purchase,tablet,Australia,Opera,S8038
U43,2025-08-12 20:02:15,logout,tablet,India,Chrome,S2971
U35,2025-08-21 18:45:34,login,tablet,USA,Edge,S2666
U7,2025-08-10 23:02:15,login,tablet,UK,Opera,S8014
U20,2025-08-09 16:23:33,login,mobile,USA,Safari,S3067
U42,2025-08-10 12:45:45,purchase,mobile,Australia,Chrome,S6217
U20,2025-08-05 01:51:44,login,mobile,India,Safari,S6751
U38,2025-08-13 03:29:25,view,desktop,USA,Chrome,S6312
U39,2025-08-14 20:28:19,logout,desktop,Canada,Firefox,S2299
U3,2025-08-08 11:11:06,login,mobile,Canada,Edge,S1164
U30,2025-08-20 06:07:33,login,mobile,USA,Chrome,S4433
U6,2025-08-18 21:27:56,login,tablet,India,Firefox,S6651
U13,2025-08-22 09:18:40,purchase,tablet,India,Firefox,S3519
U21,2025-08-15 22:53:19,purchase,mobile,UK,Opera,S9240
U8,2025-08-10 04:55:27,view,tablet,USA,Firefox,S8813
U16,2025-08-14 02:09:51,login,tablet,Canada,Chrome,S6825
U23,2025-08-10 22:01:24,view,tablet,UK,Opera,S9074
U5,2025-08-06 09:46:26,click,tablet,Canada,Safari,S1651
U30,2025-08-14 06:38:06,purchase,mobile,UK,Opera,S5489
U25,2025-08-21 05:44:29,view,tablet,Australia,Firefox,S4942
U5,2025-08-18 14:45:19,click,tablet,Canada,Opera,S2216
U6,2025-08-18 07:13:45,purchase,desktop,UK,Safari,S2198
U30,2025-08-19 12:41:36,purchase,mobile,India,Chrome,S5704
U27,2025-08-18 00:48:09,logout,desktop,USA,Opera,S7205
U7,2025-08-25 20:15:35,purchase,tablet,Australia,Firefox,S7998
U48,2025-08-09 04:26:27,logout,tablet,India,Safari,S4299
U41,2025-08-07 17:59:40,purchase,desktop,India,Chrome,S5461
U13,2025-08-24 17:49:52,logout,desktop,India,Opera,S9874
U14,2025-08-16 00:32:57,purchase,mobile,UK,Firefox,S2999
U18,2025-08-18 15:44:41,purchase,tablet,India,Edge,S9679
U36,2025-08-26 05:22:06,purchase,tablet,Canada,Edge,S6146
U19,2025-08-03 01:25:17,view,tablet,USA,Opera,S9163
U38,2025-08-03 18:54:16,logout,tablet,Australia,Firefox,S4703
U26,2025-08-28 11:48:34,click,desktop,USA,Edge,S2264
U45,2025-08-21 18:09:41,purchase,desktop,India,Safari,S6594
U39,2025-08-06 03:06:40,click,desktop,UK,Chrome,S8335
U46,2025-08-02 04:48:48,purchase,desktop,Canada,Opera,S1756
U45,2025-08-21 11:44:06,click,mobile,India,Edge,S4963
U40,2025-08-22 06:55:10,view,tablet,Canada,Opera,S1330
U25,2025-08-12 05:57:25,login,tablet,UK,Chrome,S8664
U12,2025-08-12 05:48:41,click,tablet,UK,Safari,S6574
U8,2025-08-13 20:25:39,login,desktop,Australia,Safari,S8042
U2,2025-08-21 06:35:22,click,desktop,USA,Edge,S1491
U27,2025-08-28 03:08:45,login,desktop,USA,Safari,S2055
U2,2025-08-02 01:08:01,click,desktop,India,Edge,S3245
U23,2025-08-11 14:58:36,view,desktop,Australia,Firefox,S7646
U50,2025-08-22 13:15:29,click,desktop,India,Edge,S5928
U26,2025-08-26 14:58:13,view,desktop,Australia,Safari,S4389
U44,2025-08-12 10:37:18,click,mobile,Australia,Opera,S6715
U26,2025-08-26 13:23:06,login,desktop,Australia,Safari,S6784
U45,2025-08-11 12:38:04,purchase,mobile,USA,Edge,S9472
U22,2025-08-17 14:25:01,view,desktop,Canada,Edge,S4123
U6,2025-08-26 18:27:02,view,tablet,USA,Opera,S6653
U23,2025-08-17 18:16:22,login,tablet,USA,Firefox,S6476
U49,2025-08-13 13:22:14,purchase,mobile,India,Opera,S8145
U18,2025-08-25 04:31:07,login,tablet,UK,Edge,S2205
U19,2025-08-27 05:30:01,view,tablet,Canada,Firefox,S5080
U16,2025-08-24 06:31:32,logout,tablet,India,Chrome,S4903
U17,2025-08-20 21:14:58,click,desktop,Australia,Chrome,S5120
U14,2025-08-24 22:09:43,view,mobile,India,Edge,S3952
U2,2025-08-20 12:47:57,logout,mobile,USA,Safari,S9212
U26,2025-08-05 02:31:37,click,tablet,USA,Opera,S1380
U39,2025-08-09 10:50:34,click,desktop,USA,Safari,S7696
U33,2025-08-09 13:03:21,purchase,desktop,India,Chrome,S9188
U34,2025-08-24 19:34:58,logout,tablet,Canada,Edge,S9360
U9,2025-08-18 19:21:29,view,desktop,Australia,Chrome,S1949
U6,2025-08-09 21:15:33,purchase,tablet,Canada,Safari,S2467
U31,2025-08-27 06:15:23,purchase,desktop,India,Edge,S2344
U28,2025-08-24 21:52:34,purchase,tablet,Canada,Firefox,S9396
U34,2025-08-02 12:42:20,login,mobile,UK,Chrome,S4206
U43,2025-08-06 12:12:21,login,desktop,UK,Edge,S1519
U32,2025-08-14 17:58:52,login,mobile,India,Firefox,S9138
U13,2025-08-24 17:59:24,purchase,tablet,Australia,Chrome,S3253
U12,2025-08-11 10:18:07,login,tablet,Australia,Opera,S4932
U8,2025-08-20 05:27:56,click,mobile,UK,Firefox,S2220
U1,2025-08-02 18:55:35,login,mobile,Australia,Edge,S8333
U40,2025-08-11 21:43:58,click,mobile,UK,Firefox,S3444
U39,2025-08-08 02:05:26,login,mobile,Canada,Edge,S3000
U28,2025-08-16 10:38:21,click,mobile,India,Firefox,S6405
U43,2025-08-17 08:04:30,login,mobile,Canada,Edge,S9187
U15,2025-08-28 01:23:26,purchase,desktop,Canada,Firefox,S9145
U5,2025-08-25 03:21:10,logout,tablet,UK,Safari,S8972
U18,2025-08-19 22:26:10,purchase,mobile,India,Firefox,S1671
U37,2025-08-02 00:00:14,view,mobile,UK,Opera,S6219
U8,2025-08-21 12:54:44,login,tablet,Australia,Opera,S2235
U37,2025-08-07 20:08:10,purchase,desktop,USA,Safari,S1548
U4,2025-08-18 07:00:55,view,tablet,USA,Chrome,S4580
U13,2025-08-23 01:06:15,purchase,mobile,UK,Safari,S7070
U19,2025-08-05 18:14:00,logout,desktop,USA,Opera,S4179
U13,2025-08-02 23:46:46,login,tablet,India,Edge,S1540
U35,2025-08-08 01:59:52,login,desktop,India,Opera,S7542
U17,2025-08-24 06:35:57,click,tablet,India,Safari,S9531
U10,2025-08-10 18:21:04,login,mobile,USA,Chrome,S3050
U26,2025-08-08 11:57:45,purchase,tablet,UK,Opera,S4297
U32,2025-08-18 14:49:52,purchase,desktop,India,Safari,S9691
U30,2025-08-26 18:51:01,view,mobile,India,Edge,S9172
U29,2025-08-08 12:52:45,view,tablet,USA,Opera,S2095
U2,2025-08-19 20:08:30,logout,tablet,USA,Opera,S4823
U27,2025-08-05 16:43:13,view,desktop,Canada,Opera,S4362
U14,2025-08-11 19:13:27,logout,mobile,USA,Opera,S4895
U28,2025-08-24 09:24:24,login,desktop,Australia,Opera,S2346
U7,2025-08-07 05:11:35,click,tablet,UK,Chrome,S3303
U43,2025-08-26 10:57:55,login,desktop,Canada,Safari,S3910
U32,2025-08-02 05:41:42,login,mobile,Australia,Opera,S3102
U2,2025-08-20 04:25:24,purchase,desktop,USA,Opera,S2319
U19,2025-08-20 04:40:31,purchase,tablet,Canada,Chrome,S4747
U43,2025-08-20 13:01:21,view,tablet,Canada,Firefox,S1811
U6,2025-08-26 23:28:40,purchase,tablet,Canada,Opera,S2804
U42,2025-08-03 08:44:00,purchase,mobile,UK,Chrome,S7500
U42,2025-08-04 06:13:33,view,tablet,Australia,Chrome,S4105
U5,2025-08-25 18:54:51,click,desktop,Canada,Opera,S3771
U7,2025-08-05 17:05:12,purchase,desktop,Australia,Chrome,S8483
U8,2025-08-12 09:01:44,logout,tablet,India,Edge,S7201
U37,2025-08-12 09:53:49,login,desktop,Canada,Opera,S8972
U13,2025-08-17 10:42:54,login,desktop,India,Chrome,S9674
U8,2025-08-13 18:41:06,logout,mobile,Canada,Chrome,S9982
U10,2025-08-11 21:50:17,click,mobile,Canada,Chrome,S5887
U10,2025-08-07 10:22:07,login,desktop,USA,Firefox,S4146
U26,2025-08-26 21:25:04,click,desktop,Australia,Edge,S5626
U29,2025-08-12 23:07:49,click,mobile,USA,Safari,S9519
U35,2025-08-16 13:28:22,purchase,desktop,USA,Opera,S4185
U36,2025-08-22 04:45:34,view,tablet,UK,Chrome,S2151
U20,2025-08-01 08:47:52,view,desktop,India,Safari,S9859
U36,2025-08-08 00:52:23,login,desktop,Canada,Edge,S6036
U32,2025-08-28 03:47:27,view,mobile,USA,Firefox,S3197
U50,2025-08-27 14:37:02,logout,desktop,Canada,Edge,S2244
U48,2025-08-23 22:19:53,view,desktop,UK,Firefox,S9321
U18,2025-08-14 02:44:07,logout,tablet,Canada,Chrome,S1100
U19,2025-08-17 02:57:24,logout,mobile,India,Firefox,S1864
U20,2025-08-01 00:26:43,purchase,desktop,USA,Edge,S4662
U15,2025-08-19 11:09:06,view,mobile,India,Opera,S7228
U15,2025-08-23 06:57:34,logout,mobile,Canada,Chrome,S5698
U41,2025-08-12 16:27:48,view,mobile,Canada,Firefox,S2761
U5,2025-08-25 16:21:10,login,mobile,UK,Edge,S5653
U14,2025-08-07 00:33:39,view,mobile,UK,Safari,S8176
U27,2025-08-27 00:02:46,purchase,desktop,UK,Edge,S3947
U48,2025-08-05 18:26:12,login,mobile,UK,Safari,S2162
U25,2025-08-12 23:21:00,click,tablet,Canada,Firefox,S4423
U49,2025-08-08 17:34:24,click,desktop,USA,Firefox,S4713
U5,2025-08-13 01:32:16,purchase,mobile,Canada,Chrome,S4478
U23,2025-08-27 17:45:12,purchase,desktop,USA,Opera,S5424
U28,2025-08-14 23:42:58,purchase,mobile,Canada,Edge,S5820
U9,2025-08-11 13:04:57,view,tablet,Canada,Chrome,S3841
U31,2025-08-16 07:27:11,login,mobile,USA,Safari,S6025
U34,2025-08-13 20:25:18,view,tablet,UK,Firefox,S5194
U7,2025-08-14 08:44:23,click,mobile,UK,Edge,S5668
U43,2025-08-17 13:59:40,login,mobile,India,Edge,S4709
U43,2025-08-05 08:00:26,logout,tablet,India,Edge,S9711
U50,2025-08-24 22:12:49,logout,desktop,UK,Firefox,S7702
U46,2025-08-16 11:17:00,click,desktop,Canada,Opera,S5766
U22,2025-08-28 12:55:31,purchase,mobile,Australia,Chrome,S6552
U12,2025-08-06 18:18:19,logout,tablet,USA,Firefox,S2995
U15,2025-08-23 17:15:16,click,mobile,India,Edge,S9952
U22,2025-08-19 07:14:52,purchase,tablet,UK,Opera,S3919
U49,2025-08-16 06:33:58,purchase,desktop,Australia,Edge,S4868
U36,2025-08-27 10:44:25,logout,mobile,USA,Opera,S2190
U11,2025-08-21 16:08:22,logout,mobile,Canada,Opera,S2641
U32,2025-08-06 23:41:37,logout,desktop,Canada,Chrome,S7158
U49,2025-08-04 13:49:44,view,tablet,Canada,Edge,S9652
U8,2025-08-25 13:46:25,logout,tablet,UK,Safari,S2891
U23,2025-08-14 00:18:05,logout,desktop,Australia,Chrome,S2546
U38,2025-08-24 03:48:32,login,tablet,USA,Firefox,S9642
U22,2025-08-24 22:27:47,purchase,tablet,UK,Safari,S8872
U13,2025-08-06 09:26:02,logout,mobile,Australia,Edge,S1397
U33,2025-08-28 08:43:08,purchase,tablet,Australia,Safari,S3024
U18,2025-08-03 17:28:33,click,tablet,USA,Opera,S4104
U49,2025-08-03 18:56:37,login,mobile,UK,Edge,S6897
U45,2025-08-13 09:18:15,click,desktop,Canada,Safari,S1181
U25,2025-08-14 06:27:43,logout,tablet,USA,Firefox,S3538
U16,2025-08-10 14:33:22,view,desktop,UK,Opera,S4457
U7,2025-08-24 08:14:30,view,mobile,Canada,Chrome,S2686
U24,2025-08-13 07:02:53,purchase,tablet,India,Edge,S8579
U28,2025-08-05 13:36:31,click,tablet,Australia,Firefox,S5088
U5,2025-08-26 22:50:59,purchase,mobile,India,Firefox,S6682
U14,2025-08-23 22:00:19,login,mobile,Australia,Opera,S4262
U10,2025-08-25 22:45:53,click,tablet,UK,Edge,S7359
U30,2025-08-12 02:11:08,login,mobile,USA,Edge,S6535
U32,2025-08-02 11:37:34,purchase,desktop,USA,Chrome,S4277
U10,2025-08-21 14:37:56,view,mobile,USA,Safari,S7535
U29,2025-08-07 23:37:48,purchase,tablet,Australia,Safari,S4797
U5,2025-08-05 12:50:20,view,desktop,Australia,Edge,S9924
U3,2025-08-14 12:16:11,logout,desktop,Australia,Chrome,S2347
U28,2025-08-04 06:38:05,login,desktop,USA,Chrome,S9174
U15,2025-08-02 23:27:46,view,tablet,Canada,Safari,S2380
U18,2025-08-04 21:06:42,logout,tablet,Canada,Chrome,S4510
U34,2025-08-12 20:06:02,logout,desktop,USA,Edge,S6943
U14,2025-08-25 08:33:07,login,mobile,USA,Opera,S8827
U48,2025-08-23 04:14:17,logout,mobile,UK,Chrome,S2309
U17,2025-08-06 14:26:42,login,mobile,India,Opera,S7476
U44,2025-08-20 11:32:13,logout,mobile,USA,Edge,S7928
U35,2025-08-17 09:05:40,purchase,tablet,UK,Chrome,S7959
U19,2025-08-02 13:11:25,purchase,desktop,Australia,Safari,S3876
U42,2025-08-10 09:33:15,login,desktop,USA,Edge,S1716
U41,2025-08-22 00:27:26,purchase,mobile,USA,Firefox,S1552
U19,2025-08-04 23:45:08,click,desktop,India,Opera,S7542
U36,2025-08-13 01:18:17,click,mobile,UK,Edge,S6531
U32,2025-08-28 12:16:59,view,tablet,Canada,Firefox,S6728
U25,2025-08-09 23:27:51,purchase,tablet,UK,Firefox,S6753
U42,2025-08-17 15:15:09,logout,desktop,USA,Chrome,S7416
U18,2025-08-25 01:52:40,logout,desktop,Australia,Safari,S9898
U25,2025-08-27 17:39:27,login,desktop,USA,Opera,S1817
U39,2025-08-13 12:53:37,view,tablet,Canada,Chrome,S9591
U18,2025-08-15 03:01:04,view,tablet,USA,Safari,S9567
U10,2025-08-03 19:57:40,click,mobile,Canada,Opera,S9500
U41,2025-08-23 08:51:59,logout,tablet,USA,Chrome,S9955
U22,2025-08-18 15:49:15,click,mobile,Canada,Opera,S2804
U48,2025-08-06 19:53:28,click,mobile,USA,Chrome,S3839
U17,2025-08-22 19:33:09,logout,desktop,Canada,Edge,S6019
U45,2025-08-22 19:35:34,logout,tablet,Canada,Chrome,S9576
U40,2025-08-03 18:35:00,purchase,tablet,Australia,Opera,S1303
U50,2025-08-28 16:02:03,purchase,mobile,Canada,Chrome,S2624
U47,2025-08-16 17:40:30,login,tablet,Canada,Safari,S3441
U35,2025-08-03 15:37:53,login,desktop,USA,Safari,S8057
U26,2025-08-25 05:31:43,purchase,desktop,India,Chrome,S3774
U21,2025-08-27 17:35:39,purchase,mobile,Canada,Edge,S1165
U49,2025-08-02 12:24:31,purchase,tablet,Australia,Chrome,S8640
U31,2025-08-26 00:36:08,logout,tablet,Australia,Safari,S9133
U26,2025-08-22 13:50:47,logout,mobile,USA,Firefox,S1600
U46,2025-08-07 19:05:34,view,desktop,Canada,Edge,S4828
U14,2025-08-12 13:19:24,click,desktop,UK,Edge,S1759
U44,2025-08-09 07:49:53,login,tablet,Canada,Firefox,S1091
U38,2025-08-18 11:08:19,login,desktop,USA,Safari,S2256
U35,2025-08-13 23:22:36,purchase,desktop,Canada,Chrome,S4541
U21,2025-08-16 22:43:40,logout,tablet,USA,Opera,S8217
U50,2025-08-03 02:06:37,view,mobile,USA,Chrome,S7194
U20,2025-08-06 10:16:26,view,desktop,Australia,Safari,S9552
U31,2025-08-12 22:02:57,click,mobile,Australia,Firefox,S7450
U29,2025-08-10 20:15:49,login,desktop,USA,Firefox,S4182
U43,2025-08-28 04:57:38,view,tablet,USA,Opera,S9386
U41,2025-08-13 02:04:12,purchase,tablet,India,Chrome,S6561
U17,2025-08-14 14:15:56,purchase,tablet,India,Safari,S3742
U30,2025-08-28 14:49:17,view,desktop,UK,Edge,S3555
U18,2025-08-20 12:58:44,purchase,desktop,USA,Firefox,S2323
U38,2025-08-09 22:09:43,click,tablet,India,Firefox,S4803
U13,2025-08-03 05:16:02,login,tablet,UK,Edge,S8448
U38,2025-08-07 14:14:35,login,tablet,Australia,Firefox,S5534
U23,2025-08-19 20:28:57,login,mobile,Canada,Safari,S5959
U36,2025-08-13 04:35:04,purchase,tablet,UK,Edge,S4487
U26,2025-08-02 14:23:56,click,tablet,India,Firefox,S3525
U4,2025-08-26 22:21:21,click,desktop,India,Chrome,S6949
U27,2025-08-18 09:27:03,view,desktop,Canada,Opera,S2957
U6,2025-08-28 15:04:34,click,desktop,India,Edge,S3113
U34,2025-08-21 22:26:08,view,tablet,Australia,Chrome,S1490
U21,2025-08-02 18:06:52,login,desktop,Canada,Opera,S1244
U9,2025-08-10 13:34:52,purchase,tablet,Australia,Edge,S6182
U15,2025-08-05 13:29:14,logout,tablet,UK,Opera,S7218
U47,2025-08-08 23:03:50,login,desktop,Canada,Chrome,S7637
U44,2025-08-09 21:31:48,click,tablet,Canada,Safari,S9857
U8,2025-08-13 20:15:43,login,mobile,USA,Edge,S3271
U7,2025-08-04 00:07:26,click,mobile,UK,Chrome,S2451
U42,2025-08-09 21:15:14,view,desktop,USA,Safari,S2207
U18,2025-08-07 17:45:20,view,tablet,India,Opera,S6456
U28,2025-08-23 18:03:18,logout,mobile,India,Opera,S6001
U4,2025-08-24 14:04:21,login,desktop,USA,Edge,S5865
U33,2025-08-03 00:36:43,logout,mobile,India,Edge,S9584
U4,2025-08-04 13:06:29,view,tablet,India,Opera,S9863
U9,2025-08-19 12:36:48,purchase,mobile,USA,Edge,S4962
U23,2025-08-03 15:17:27,view,tablet,Canada,Safari,S8713
U13,2025-08-28 03:11:14,click,tablet,USA,Edge,S3764
U39,2025-08-26 11:38:17,logout,tablet,USA,Chrome,S7023
U46,2025-08-24 21:43:14,logout,tablet,UK,Firefox,S3441
U11,2025-08-25 06:39:03,purchase,mobile,UK,Opera,S1284
U36,2025-08-06 11:46:59,purchase,mobile,India,Edge,S7191
U34,2025-08-24 10:59:42,purchase,mobile,UK,Edge,S1652
U27,2025-08-02 23:46:29,purchase,mobile,USA,Opera,S4454
U19,2025-08-27 19:48:41,purchase,mobile,India,Safari,S5129
U24,2025-08-09 01:26:28,logout,mobile,USA,Safari,S1393
U23,2025-08-16 07:54:32,click,mobile,USA,Firefox,S4429
U8,2025-08-13 12:07:57,login,desktop,USA,Opera,S6573
U32,2025-08-21 03:05:15,click,mobile,UK,Firefox,S4217
U41,2025-08-05 05:12:02,view,desktop,India,Firefox,S8514
U3,2025-08-11 08:04:36,login,desktop,USA,Edge,S1076
U22,2025-08-13 07:06:54,purchase,desktop,Australia,Edge,S3970
U33,2025-08-16 01:37:55,logout,mobile,Canada,Opera,S1384
U50,2025-08-05 06:12:38,purchase,mobile,Canada,Firefox,S3545
U50,2025-08-17 17:20:10,login,tablet,Canada,Safari,S4704
U10,2025-08-07 15:46:21,click,desktop,UK,Firefox,S6342
U9,2025-08-11 00:25:48,logout,tablet,Canada,Opera,S6257
U10,2025-08-02 23:36:50,logout,tablet,India,Opera,S7979
U49,2025-08-16 17:58:24,view,desktop,Australia,Chrome,S8704
U30,2025-08-12 10:57:10,click,tablet,Canada,Opera,S8646
U45,2025-08-12 14:57:46,login,desktop,UK,Opera,S6767
U44,2025-08-12 04:21:01,login,mobile,USA,Edge,S5751
U45,2025-08-09 19:24:33,click,desktop,UK,Edge,S4276
U3,2025-08-11 23:36:36,view,tablet,Australia,Opera,S4732
U31,2025-08-23 20:58:42,view,tablet,Canada,Opera,S5351
U44,2025-08-03 19:00:23,click,desktop,USA,Edge,S5251
U45,2025-08-16 11:22:41,login,mobile,UK,Edge,S5661
U37,2025-08-14 23:12:16,view,mobile,Australia,Opera,S8965
U29,2025-08-07 15:45:53,view,mobile,Australia,Chrome,S3499
U15,2025-08-26 03:06:43,click,mobile,UK,Chrome,S5502
U47,2025-08-17 08:52:14,login,mobile,India,Safari,S6177
U25,2025-08-07 20:56:50,purchase,mobile,UK,Edge,S6761
U34,2025-08-15 12:51:48,purchase,tablet,USA,Opera,S5026
U47,2025-08-28 15:58:10,purchase,tablet,Australia,Firefox,S9864
U38,2025-08-20 21:01:08,purchase,mobile,Australia,Firefox,S8163
U32,2025-08-20 07:35:03,login,tablet,India,Safari,S6266
U17,2025-08-22 18:05:09,click,mobile,Canada,Edge,S5576
U46,2025-08-16 14:47:39,purchase,desktop,USA,Firefox,S1218
U49,2025-08-09 05:11:59,click,tablet,Australia,Chrome,S3909
U30,2025-08-08 21:50:43,logout,desktop,USA,Opera,S6756
U7,2025-08-07 04:29:45,click,mobile,USA,Safari,S1827
U9,2025-08-01 11:27:03,login,desktop,India,Edge,S3291
U15,2025-08-23 15:38:36,logout,mobile,Australia,Chrome,S6789
U22,2025-08-16 15:25:43,click,desktop,USA,Opera,S8439
U40,2025-08-23 06:14:26,click,tablet,UK,Firefox,S8899
U28,2025-08-24 03:52:09,logout,desktop,UK,Firefox,S8824
U21,2025-08-08 04:09:55,view,mobile,USA,Edge,S8324
U18,2025-08-03 14:56:31,click,mobile,Australia,Opera,S6402
U38,2025-08-16 17:09:35,purchase,mobile,Canada,Opera,S2030
U16,2025-08-27 12:18:35,purchase,tablet,Australia,Chrome,S7329
U20,2025-08-11 11:39:07,purchase,tablet,Canada,Edge,S5731
U20,2025-08-04 20:19:54,logout,tablet,USA,Chrome,S8222
U16,2025-08-10 20:12:27,login,mobile,India,Chrome,S8354
U10,2025-08-19 09:53:44,login,tablet,USA,Chrome,S4658
U22,2025-08-16 20:34:26,logout,mobile,UK,Firefox,S7023
U37,2025-08-20 09:20:43,click,tablet,India,Opera,S8853
U49,2025-08-23 10:46:11,purchase,desktop,Australia,Safari,S4860
U40,2025-08-04 23:54:36,purchase,tablet,India,Opera,S5001
U26,2025-08-02 02:12:16,login,desktop,Australia,Opera,S7560
U32,2025-08-02 17:33:00,logout,mobile,UK,Chrome,S2831
U4,2025-08-18 05:34:07,purchase,mobile,Canada,Chrome,S3621
U42,2025-08-13 03:49:16,click,desktop,Canada,Edge,S8764
U42,2025-08-01 12:58:24,view,desktop,Australia,Safari,S6492
U3,2025-08-20 09:55:17,purchase,desktop,Australia,Safari,S5143
U19,2025-08-03 23:08:36,logout,tablet,Australia,Edge,S7999
U13,2025-08-02 14:38:37,logout,desktop,India,Edge,S2637
U26,2025-08-03 19:21:53,login,desktop,UK,Chrome,S6712
U4,2025-08-05 04:14:27,login,mobile,USA,Opera,S6159
U16,2025-08-17 21:36:34,logout,mobile,Canada,Edge,S7529
U29,2025-08-19 11:19:46,click,mobile,UK,Firefox,S9503
U28,2025-08-11 03:25:21,click,tablet,Canada,Firefox,S2435
U33,2025-08-20 10:27:06,login,mobile,USA,Chrome,S9476
U39,2025-08-15 09:24:34,purchase,desktop,Australia,Opera,S5255
U3,2025-08-11 09:57:44,purchase,tablet,India,Edge,S6167
U21,2025-08-14 21:23:17,click,desktop,Australia,Opera,S1406
U14,2025-08-09 21:45:46,view,tablet,India,Firefox,S5776
U26,2025-08-03 05:59:08,purchase,tablet,Canada,Edge,S4724
U33,2025-08-26 10:47:40,view,mobile,Australia,Opera,S2106
U17,2025-08-06 20:34:35,login,tablet,USA,Opera,S8941
U16,2025-08-21 10:03:08,purchase,tablet,UK,Firefox,S3924
U48,2025-08-12 03:00:59,purchase,mobile,India,Firefox,S5660
U25,2025-08-03 00:33:27,purchase,tablet,India,Safari,S3088
U43,2025-08-26 15:07:16,click,mobile,UK,Opera,S7774
U19,2025-08-02 23:41:37,click,mobile,USA,Opera,S4922
U48,2025-08-01 08:32:05,purchase,desktop,UK,Safari,S7624
U19,2025-08-05 01:05:07,logout,desktop,Australia,Chrome,S6398
U35,2025-08-08 06:19:42,login,tablet,USA,Firefox,S9598
U17,2025-08-08 18:46:19,login,tablet,UK,Firefox,S1502
U6,2025-08-09 15:34:44,logout,mobile,UK,Safari,S6408
U6,2025-08-28 21:09:17,purchase,desktop,USA,Opera,S9977
U33,2025-08-15 18:17:13,logout,desktop,India,Firefox,S5071
U41,2025-08-19 02:50:52,view,mobile,USA,Edge,S5349
U32,2025-08-19 14:00:20,login,desktop,UK,Firefox,S2891
U39,2025-08-17 03:27:34,login,mobile,Canada,Edge,S8295
U47,2025-08-13 12:08:33,logout,desktop,Australia,Firefox,S9335
U15,2025-08-04 13:10:15,logout,mobile,Canada,Chrome,S5868
U21,2025-08-13 19:55:07,click,tablet,Australia,Chrome,S2654
U9,2025-08-02 10:23:41,view,mobile,India,Safari,S3900
U42,2025-08-26 13:00:05,login,desktop,India,Safari,S2882
U15,2025-08-15 01:24:14,logout,mobile,USA,Edge,S8713
U14,2025-08-04 16:12:18,purchase,desktop,UK,Chrome,S7418
U37,2025-08-21 21:16:59,click,tablet,UK,Opera,S7082
U50,2025-08-19 03:47:52,login,desktop,India,Safari,S4278
U25,2025-08-12 01:58:46,logout,tablet,Australia,Safari,S6086
U27,2025-08-02 19:33:48,view,tablet,India,Edge,S1455
U42,2025-08-24 17:56:24,login,mobile,Canada,Firefox,S8282
U28,2025-08-12 19:43:19,login,tablet,India,Chrome,S3478
U2,2025-08-07 05:12:16,purchase,tablet,Canada,Chrome,S7214
U8,2025-08-15 12:49:21,logout,tablet,Canada,Edge,S3296
U45,2025-08-07 18:59:48,login,mobile,Australia,Opera,S3335
U19,2025-08-07 03:19:07,logout,desktop,USA,Chrome,S9829
U17,2025-08-21 09:59:46,logout,mobile,India,Firefox,S4465
U2,2025-08-26 22:38:29,logout,desktop,Australia,Chrome,S1732
U36,2025-08-28 11:59:23,purchase,desktop,UK,Chrome,S4469
U20,2025-08-27 12:40:15,purchase,tablet,India,Firefox,S7072
U23,2025-08-10 18:36:58,view,mobile,UK,Chrome,S9847
U37,2025-08-21 10:53:22,login,tablet,Australia,Chrome,S5429
U31,2025-08-17 01:38:46,purchase,mobile,India,Chrome,S4573
U37,2025-08-19 08:26:45,login,desktop,Australia,Opera,S5413
U13,2025-08-16 08:16:38,login,mobile,India,Edge,S3765
U46,2025-08-16 11:37:59,purchase,desktop,UK,Edge,S1008
U30,2025-08-28 02:23:36,logout,mobile,Canada,Opera,S1706
U2,2025-08-09 15:09:03,logout,tablet,India,Firefox,S7936
U20,2025-08-03 19:47:48,login,mobile,Australia,Chrome,S8258
U49,2025-08-15 03:16:31,purchase,desktop,Canada,Chrome,S2401
U33,2025-08-12 06:40:19,view,tablet,Canada,Chrome,S4750
U19,2025-08-22 21:13:48,click,desktop,Canada,Chrome,S5749
U8,2025-08-10 14:49:54,purchase,desktop,USA,Edge,S3494
U28,2025-08-28 07:23:07,view,desktop,Canada,Opera,S8536
U28,2025-08-09 03:37:36,click,tablet,India,Edge,S9813
U6,2025-08-28 19:29:50,purchase,desktop,India,Safari,S7031
U3,2025-08-06 10:01:03,logout,mobile,India,Edge,S1244
U23,2025-08-16 09:50:44,click,tablet,Australia,Firefox,S8130
U44,2025-08-25 00:52:14,purchase,tablet,USA,Firefox,S5065
U29,2025-08-04 00:21:40,purchase,mobile,USA,Opera,S9606
U24,2025-08-24 06:22:43,logout,desktop,UK,Edge,S1317
U47,2025-08-11 04:22:12,logout,tablet,Australia,Chrome,S9986
U33,2025-08-13 19:22:26,click,tablet,UK,Edge,S3936
U2,2025-08-16 08:58:59,purchase,mobile,UK,Chrome,S7020
U12,2025-08-04 16:44:50,view,tablet,UK,Opera,S5668
U3,2025-08-03 10:37:17,click,mobile,USA,Chrome,S1586
U7,2025-08-11 11:00:16,view,mobile,Australia,Firefox,S5314
U9,2025-08-12 13:32:02,logout,desktop,USA,Opera,S6699
U36,2025-08-02 13:54:18,view,tablet,India,Chrome,S6425
U24,2025-08-19 01:46:31,click,desktop,UK,Safari,S4627
U18,2025-08-21 17:13:09,view,tablet,USA,Firefox,S3963
U19,2025-08-23 09:15:44,click,mobile,Canada,Opera,S8942
U38,2025-08-25 11:54:37,logout,mobile,Australia,Safari,S6310
U24,2025-08-16 15:24:00,login,mobile,Australia,Safari,S9236
U16,2025-08-26 15:23:34,purchase,mobile,India,Opera,S8722
U8,2025-08-20 21:39:39,click,tablet,Australia,Chrome,S9445
U39,2025-08-13 11:33:49,logout,desktop,Australia,Chrome,S3073
U15,2025-08-10 07:30:58,login,mobile,India,Edge,S5039
U36,2025-08-01 21:35:21,logout,desktop,India,Firefox,S5909
U14,2025-08-03 08:01:00,click,tablet,Australia,Safari,S7725
U3,2025-08-14 11:48:27,view,mobile,India,Edge,S6144
U31,2025-08-11 22:39:38,click,mobile,Canada,Edge,S6949
U26,2025-08-06 12:28:43,view,mobile,Australia,Edge,S6253
U39,2025-08-14 04:00:18,click,desktop,USA,Chrome,S5671
U43,2025-08-09 01:42:33,login,tablet,UK,Chrome,S5982
U4,2025-08-18 14:39:43,logout,mobile,USA,Edge,S7809
U46,2025-08-03 14:12:41,click,mobile,India,Firefox,S6847
U2,2025-08-23 11:58:47,login,tablet,Canada,Safari,S1314
U23,2025-08-28 22:00:18,login,desktop,Australia,Firefox,S3348
U13,2025-08-10 00:13:37,logout,desktop,UK,Edge,S2441
U44,2025-08-09 00:33:16,view,mobile,Canada,Opera,S5411
U31,2025-08-03 02:35:57,purchase,mobile,Canada,Safari,S5644
U11,2025-08-28 21:07:06,view,mobile,UK,Edge,S1113
U12,2025-08-09 13:50:41,purchase,desktop,Australia,Firefox,S3838
U32,2025-08-21 01:33:17,view,tablet,India,Opera,S6269
U24,2025-08-16 06:12:58,purchase,mobile,Canada,Edge,S5885
U34,2025-08-05 14:53:05,login,mobile,USA,Firefox,S8968
U35,2025-08-01 18:42:17,purchase,desktop,Australia,Firefox,S3047
U38,2025-08-23 06:19:01,view,mobile,India,Chrome,S9293
U8,2025-08-23 14:06:51,view,tablet,USA,Edge,S2921
U22,2025-08-26 16:54:21,login,tablet,UK,Safari,S1439
